,z,snmedian_g,oiii_5007_flux,oiii_5007_eqw,h_beta_flux,h_beta_eqw,h_gamma_flux,h_gamma_eqw,sigma_balmer,e_bv_sfd,oiii/hb,hb/hg,oiii/hg
0,0.06408318,35.99238,9.788115,-0.1401047,14.40732,-0.2624714,19.28309,-0.4537653,500.0,0.02952423,0.6793848543656974,0.7471478896795067,0.5076009602195498
1,0.05584501,46.64406,19.82373,-0.3770796,25.58339,-0.3823562,13.24257,-0.2524038,500.0,0.0331967,0.7748672087631858,1.9319052117527036,1.496969999025869
2,0.5896417,37.99472,553.8297,-9.838335,1035.502,-12.73695,430.0921,-5.641462,500.0,0.04080473,0.5348417482535042,2.407628505615425,1.2877002390883254
3,0.05894792,35.8004,89.5265,-1.253272,92.86768,-0.8762947,76.4057,-0.9928051,500.0,0.03713184,0.9640221441948372,1.2154548678959816,1.1717254079211368
4,0.05427433,42.33162,61.95053,-0.8515339,69.07693,-0.6654313,59.77706,-0.9255849,469.3986,0.02707811,0.896833863346272,1.1555759015247655,1.0363596001543067
5,0.5008188,42.20441,720.553,-13.84069,798.7177,-9.304626,419.5505,-5.540572,500.0,0.03326718,0.9021372632658572,1.90374627130703,1.717440451149504
6,0.05151316,36.87033,14.53777,-0.1646006,-0.2144192,-0.036408,11.04452,-0.1575452,500.0,0.01265944,-67.80069135599797,-0.019414080467055155,1.3162880777073154
7,0.07885244,46.30328,4883.344,-25.73394,8040.256,-20.80499,3266.457,-9.624524,500.0,0.01104522,0.6073617556455914,2.4614608427418454,1.4949971789005643
8,0.595322,38.83265,281.3248,-6.91487,677.1182,-9.859278,210.7526,-3.735706,500.0,0.03354528,0.41547369425308606,3.2128581094610458,1.3348580278487667
9,0.06349286,41.707,55.36174,-0.8056456,54.44826,-0.7344704,30.27617,-0.4610103,500.0,0.02584593,1.016777028320097,1.798386651944417,1.8285582357345727
10,0.07390003,39.32929,6401.678,-82.94209,2517.656,-19.92488,1239.828,-11.18227,500.0,0.03201083,2.5427135398958396,2.0306494126604657,5.163359756353301
11,0.1773402,40.45856,6584.295,-50.16125,2174.339,-9.267194,1347.224,-6.443219,500.0,0.015641,3.0281823579487837,1.613940220779915,4.887305303349703
12,0.1933094,82.18042,20.48948,-0.2100406,523.0571,-3.19212,797.9016,-3.266931,492.4272,0.1242009,0.0391725492302848,0.6555408586722974,0.025679206558803742
13,0.2679094,45.61032,591.0836,-3.896324,2752.637,-14.3843,1433.392,-7.395362,500.0,0.01369871,0.2147335809262173,1.9203658175851408,0.4123670286983603
14,0.5119441,38.52225,390.2738,-4.687064,1848.843,-16.54789,642.0489,-6.035479,500.0,0.0279867,0.21109082815577093,2.879598423110763,0.607856815890503
15,0.0661956,36.85639,38.52143,-0.5484881,32.94079,-0.4531893,24.21057,-0.6132738,500.0,0.1023146,1.1694142733067423,1.3605953928387478,1.5910996725810256
16,0.06517518,38.82062,44.79085,-0.6842538,-14.77804,0.175612,-8.931676,0.1214047,500.0,0.118886,-3.0309059929462903,1.6545651678363615,-5.014831482915413
17,0.5702274,54.94003,148.7329,-2.41747,367.0603,-3.915135,323.8767,-3.742576,500.0,0.0965671,0.40520018100568217,1.1333334568371234,0.45922692185019787
18,0.5496119,36.68675,3134.304,-62.72372,799.0661,-11.59554,408.7592,-7.305792,500.0,0.0680838,3.9224589805524226,1.9548577744549847,7.667849433113677
19,0.1632425,47.17627,844.8409,-5.789919,5054.773,-23.87314,2051.066,-9.944602,500.0,0.02267168,0.1671372581914163,2.464461406897682,0.41190332246743894
20,0.2075965,42.06503,1040.573,-7.561283,1538.251,-8.412434,895.5942,-5.306871,500.0,0.02800488,0.6764650242385671,1.717575884256508,1.1618800121751571
21,0.1548114,40.5854,846.9125,-5.921784,3967.237,-19.68156,1952.957,-9.415924,500.0,0.01640413,0.2134766589442476,2.0314000769090153,0.4336565013976242
22,0.0515218,38.06483,4.809022,-0.0234276,-42.25198,0.583221,-32.6888,0.492862,500.0,0.01452183,-0.11381767197655587,1.2925521891289984,-0.14711528107486355
23,0.1637161,39.48344,2112.922,-24.81136,2766.563,-15.89823,1265.713,-8.839527,500.0,0.0166308,0.7637353640600268,2.1857743422087,1.669353162999827
24,0.6598706,39.38806,196.3736,-4.543406,461.8299,-6.06028,327.6524,-4.78161,500.0,0.05598926,0.4252076359715991,1.4095117264515689,0.5993351490787188
25,0.1206493,45.23747,343.5264,-6.998533,967.4325,-11.93238,479.8855,-6.23436,500.0,0.01723473,0.35509082028978767,2.015965266714664,0.7158507602334307
26,0.3402001,38.39475,248.702,-7.698398,565.5311,-10.70056,302.8651,-6.819871,500.0,0.01523073,0.43976714985258986,1.8672706099184095,0.8211642741273261
27,0.06449084,38.16477,14.01007,-0.3824878,-5.378735,0.0806944,2.737275,-0.05745367,500.0,0.01247333,-2.604714677335842,-1.9649962097341334,5.118254468403796
28,0.07063182,41.53558,15.33456,-0.3747416,-39.59343,0.4712973,-27.31274,0.4659441,500.0,0.01452904,-0.38730062033019114,1.4496322961372603,-0.5614434875446404
29,0.05636991,41.04691,20.90961,-0.5195878,18.73257,-0.3569266,16.65329,-0.4909613,500.0,0.01267224,1.1162168351699742,1.1248570102364157,1.2555843319848512
30,0.05626343,42.87082,16.30448,-0.1564828,23.05058,-0.424467,25.1062,-0.5922812,500.0,0.01237072,0.7073349130477412,0.9181230134389115,0.6494204618779426
31,0.1842309,49.16934,3279.306,-53.41611,1780.146,-14.36981,836.7058,-8.032459,500.0,0.01408172,1.8421556434135178,2.1275650294285042,3.919305925690966
32,0.443349,46.0271,266.5799,-7.388051,803.4067,-11.29319,376.1957,-5.836358,500.0,0.01736788,0.33181189551941753,2.1356084080705866,0.7086202739691071
33,0.2817113,35.74103,776.9902,-15.97825,1639.537,-20.40405,706.6,-7.606334,500.0,0.02384331,0.47390830460062805,2.320318426266629,1.0996181715256155
34,0.3257094,40.19524,935.6229,-10.6942,2456.67,-18.63049,1182.185,-8.383597,500.0,0.06595281,0.38085005312068776,2.0780757664832494,0.7914352660539594
35,0.2349658,35.20954,1340.578,-23.34377,802.0439,-9.961286,492.5225,-5.751487,500.0,0.05002049,1.6714521486916114,1.6284411372069296,2.721861437802334
36,0.06749608,35.0978,3032.55,-34.1516,127.6621,-1.122052,-134.0093,1.240732,500.0,0.005792611,23.754505056708297,-0.952636123015343,-22.629399601370952
37,0.3902594,35.44325,1221.624,-33.45991,678.4233,-12.23246,250.457,-5.054879,500.0,0.05445364,1.800681079202321,2.708741620318059,4.877579784154566
38,0.08377949,40.82379,544.0389,-8.590643,767.4379,-7.840153,462.054,-5.602401,500.0,0.02384765,0.7089028310955192,1.6609268613625248,1.177435754262489
39,0.2253893,37.82354,-35.37535,0.4553722,317.9666,-2.909817,352.0272,-3.282643,500.0,0.02670388,-0.11125492425934043,0.9032444083866248,-0.1004903882427267
40,0.05520906,39.56214,8.95847,-0.2059868,11.26082,-0.1702033,9.994534,-0.2331565,500.0,0.02759658,0.7955433085690029,1.1266978530464753,0.8963369377701852
41,0.05564728,49.80186,52.12804,-0.6500512,36.36067,-0.2622188,8.354688,-0.09904563,500.0,0.03198527,1.4336380490238492,4.352127811355732,6.239376024574467
42,0.05463336,41.846,51.71179,-0.5842817,34.03604,-0.3452289,17.17528,-0.2663158,500.0,0.02438948,1.5193245160130262,1.9816876347867398,3.0108266066113623
43,0.06160719,39.0475,19.29954,-0.2522535,-16.32993,0.005972404,-17.85404,0.1754645,500.0,0.03093503,-1.1818507489009444,0.9146350069788126,-1.0809620679689302
44,0.07669801,39.10427,104.5971,-0.9446701,73.65417,-0.6838357,-26.65365,0.1796958,500.0,0.01365072,1.420111040556156,-2.7633802499845235,-3.9243068022578522
45,0.2876647,36.16796,528.7509,-7.704777,2066.256,-23.49095,917.9634,-10.76084,500.0,0.0306989,0.255898059098195,2.250913271705604,0.5760043374278321
46,0.05100999,38.73802,59.02945,-0.4592102,51.26057,-0.4272045,43.84315,-0.4577559,500.0,0.04346284,1.151556644805159,1.1691808184402808,1.3463779404536398
47,0.0863796,41.11017,1020.123,-14.31766,2033.969,-13.28217,1131.383,-8.780498,500.0,0.01130901,0.5015430421997582,1.7977722840099242,0.9016601805047451
48,0.06576235,37.67295,18.78345,-0.2498947,-3.351188,-0.003036328,23.56079,-0.5605061,500.0,0.01285831,-5.605012312051725,-0.1422358078825031,0.7972334543960536
49,0.6305861,38.13138,1087.032,-20.99117,795.5762,-8.504826,472.9537,-5.814764,500.0,0.01746736,1.3663455493012486,1.6821439392481756,2.2983898846758146
50,0.09262062,44.80828,1131.109,-10.9717,1590.3,-10.94744,601.8199,-4.481374,500.0,0.04385718,0.7112551090989121,2.6424849028754283,1.8794808878868912
51,0.3100284,35.32228,169.1277,-4.722909,563.2105,-10.75377,260.5651,-5.579996,500.0,0.02610326,0.30029216429736305,2.161496301691977,0.6490804025558297
52,0.05763333,35.64367,19.39426,-0.2672916,-7.919804,0.09850341,4.331646,0.07641326,500.0,0.03393245,-2.4488308043986944,-1.8283590117936692,4.477341869580293
53,0.06306924,38.09284,37.09024,-0.5067785,22.56555,-0.3297106,6.100748,-0.04456908,500.0,0.03690787,1.6436665625256197,3.6988169319565407,6.079621711960566
54,0.2543997,47.7855,6907.551,-43.59469,4576.92,-15.03455,2108.189,-8.156428,500.0,0.028514,1.50921383812695,2.171019770997762,3.2765330812370244
55,0.6617064,38.27109,283.5563,-3.474663,392.3947,-3.394933,479.1007,-4.420899,500.0,0.01431321,0.7226303005621636,0.8190234328607743,0.5918511494556364
56,0.05936958,38.50255,50.22141,-0.5439554,64.0114,-0.6262717,64.98826,-0.9397234,445.1938,0.01325422,0.7845697797579807,0.9849686697258858,0.7727766522753494
57,0.05811804,38.77269,30.67048,-0.430864,36.84772,-0.4379579,31.61624,-0.5503155,500.0,0.01184179,0.8323576058437265,1.165468126507137,0.9700862594666538
58,0.06168568,36.77557,61.21214,-0.5613758,44.48927,-0.3869972,33.65313,-0.4010318,500.0,0.007514635,1.3758854663158107,1.3219950120538566,1.818913723626896
59,0.06557803,40.33702,17.03092,-0.2142605,-63.04873,0.3984125,-59.55437,0.4658511,479.9056,0.02245249,-0.2701231253984021,1.05867512325292,-0.28597263307461734
60,0.4215071,42.91714,600.0048,-9.982654,1099.595,-9.974576,453.5874,-4.750424,500.0,0.04263987,0.5456598111122731,2.424218573972734,1.3227986491688262
61,0.05456431,43.4072,64.85787,-0.4098454,61.39754,-0.4420483,61.77549,-0.6242443,500.0,0.02247991,1.0563594241723693,0.9938818777479548,1.0498964880731825
62,0.05480479,39.35858,43.77386,-0.4562659,35.88597,-0.3188329,-2.72559,0.06313526,500.0,0.02486286,1.2198042856302895,-13.166312614883383,-16.060324553582895
63,0.1965366,52.8586,1147.471,-6.181537,4131.215,-18.49032,1683.841,-8.576478,500.0,0.02233633,0.27775630171753346,2.453447207901459,0.6814604229259177
64,0.2610683,45.10627,394.0584,-4.874403,1618.641,-14.25335,764.3887,-7.22492,500.0,0.02582617,0.24345015355474128,2.117562700756827,0.5155209646610422
65,0.2134592,37.89766,411.323,-5.145241,1652.594,-14.82997,848.5931,-8.607565,500.0,0.03172268,0.24889537297121977,1.9474516113788811,0.4847116951575495
66,0.1098744,46.37546,1613.432,-5.791482,1842.363,-5.147871,1516.804,-4.594011,500.0,0.0324995,0.8757405570997681,1.2146348506464908,1.0637050007779514
67,0.05330265,44.51601,33.27966,-0.3364002,-31.15206,0.2672307,-17.78466,0.2018418,500.0,0.006919325,-1.0682972490422784,1.7516252770646163,-1.8712564648410486
68,0.2418267,44.44619,531.7098,-4.642698,655.4658,-3.992025,521.223,-3.425895,500.0,0.04276688,0.8111938105695218,1.2575534847848233,1.020119603317582
69,0.153836,46.83583,5399.232,-32.15296,4630.266,-13.55527,2533.496,-8.806407,500.0,0.03453428,1.1660738281558771,1.8276192265549263,2.131138947920186
70,0.09969537,35.64167,514.6418,-6.332394,568.3914,-4.384429,499.6391,-4.456197,500.0,0.02095873,0.905435585408224,1.1376039225112686,1.0300270735416823
71,0.051523,37.31248,33.25378,-0.3780859,37.60495,-0.4526071,39.17754,-0.5591152,500.0,0.02354283,0.8842926263696667,0.9598599095297969,0.8487970403450548
72,0.05196881,37.71344,16.04282,-0.244225,23.66694,-0.3344702,32.00087,-0.4222881,500.0,0.02441659,0.6778578050225335,0.7395717678925604,0.5013244952402857
73,0.05207504,36.4759,60.32346,-0.6829518,78.65923,-0.8172466,30.21829,-0.5600677,500.0,0.0320962,0.7668961417496714,2.603033791786365,1.9962565717649807
74,0.09744303,43.59363,20.24574,-0.4385408,-14.65174,0.3385674,-38.68391,0.8176423,500.0,0.0224152,-1.3817976567970767,0.3787554050249833,-0.5233633311627497
75,0.07818574,35.85813,12.25824,-0.3038042,1.130156,-0.1083792,-0.1927552,-0.05048189,500.0,0.02662667,10.846502606719781,-5.8631673749917,-63.59486021648185
76,0.06029864,37.61605,34.38978,-0.585045,20.10234,-0.3151366,15.74948,-0.3063659,500.0,0.03616071,1.710735168144604,1.2763811884582856,2.183550187053795
77,0.06174993,36.21944,45.38799,-0.4644133,-14.00491,0.1586139,-11.37842,0.1034729,500.0,0.008264823,-3.240862668878272,1.2308308183385743,-3.9889536508583796
78,0.1027759,44.92632,2502.272,-25.67009,3461.101,-22.34332,1471.97,-10.86124,500.0,0.01297909,0.7229699451128412,2.351339361535901,1.6999476891512735
79,0.09733227,42.15875,2074.677,-24.08595,2022.419,-11.93944,980.5318,-6.550022,500.0,0.0167305,1.0258393537639827,2.0625735952673847,2.115869164059748
80,0.1397043,39.42975,518.7308,-10.26304,553.1812,-6.179073,369.8924,-4.878768,500.0,0.0433805,0.9377231185730824,1.4955192374863608,1.4023829632617486
81,0.05708254,36.4471,51.71821,-0.4714663,27.26945,-0.2428704,20.06627,-0.3183252,500.0,0.02708664,1.8965622702328064,1.3589695543815568,2.5773703832351504
82,0.1591409,42.49717,2110.901,-42.44629,1350.098,-15.53182,768.8372,-10.06665,500.0,0.04080644,1.5635168706271692,1.7560258530674633,2.7455760465284453
83,0.2716148,36.92752,244.1208,-6.848554,944.9173,-15.74488,477.0703,-8.751025,500.0,0.01725316,0.2583514980623172,1.9806667906176512,0.5117082325183522
84,0.4709734,36.29823,516.1302,-23.56591,208.7716,-6.567808,132.0164,-4.846265,500.0,0.04612916,2.472224191413008,1.5814065525192325,3.909591535597092
85,0.6844156,42.75842,805.6792,-10.30671,1079.711,-8.031675,485.877,-4.070396,500.0,0.01975854,0.7461989365672852,2.222189978122035,1.6581957985251412
86,0.3569269,40.24631,1216.203,-16.45802,2312.302,-16.65986,931.9672,-7.497524,500.0,0.03515561,0.5259706560821207,2.4810980472274133,1.304984767704271
87,0.05031559,45.39903,23.09386,-0.2145896,12.28783,-0.03092102,9.293491,-0.0776023,500.0,0.01903607,1.8794091389610696,1.3221974390463176,2.484949950454571
88,0.0563294,39.48527,2978.191,-37.09431,2322.049,-20.472,977.8483,-9.02868,500.0,0.0146779,1.2825702644517836,2.374651569164665,3.0456574910443672
89,0.1437301,45.32858,1974.528,-13.45289,2177.18,-8.205224,1118.539,-5.109233,500.0,0.01563415,0.9069199606830856,1.946449788518773,1.7652741656750457
90,0.05752024,35.21395,26.69705,-0.2480374,-27.75345,0.2128393,-51.48223,0.5236337,500.0,0.02694942,-0.9619362637798183,0.5390879532607659,-0.5185682516083705
91,0.5739516,37.42147,468.9874,-12.17252,1162.712,-16.11716,505.7084,-7.142616,500.0,0.01711633,0.403356463165427,2.2991747813562124,0.9273870080069858
92,0.05502648,35.4505,32.1122,-0.3887452,51.18768,-0.6243421,47.54509,-0.8050793,500.0,0.01821248,0.6273423605054966,1.0766133790050665,0.6754051785368373
93,0.1600988,39.1761,1375.61,-31.86824,354.0004,-5.849254,256.5636,-4.936416,451.7712,0.020434,3.8858995639552947,1.3797763985226275,5.361672505374885
94,0.06527424,43.7429,15.68395,-0.2090649,3.349619,-0.06920715,-4.795976,0.04651752,500.0,0.02114313,4.6823086446548094,-0.6984228027829998,-3.270231127094881
95,0.1051187,58.12148,646.8806,-14.89648,2409.637,-27.60482,1127.948,-13.37396,500.0,0.01900618,0.26845562215387625,2.136301496168263,0.5735021472621078
96,0.4580766,37.19682,818.7128,-21.4657,1135.089,-15.52481,561.2687,-8.651393,500.0,0.02008798,0.7212763052060236,2.0223629074630387,1.4586824456806518
97,0.1346648,40.50008,947.3425,-10.01528,2292.539,-13.14289,1127.194,-7.60513,500.0,0.05099057,0.41322852086703865,2.0338459927927226,0.8404431712730905
98,0.05378993,49.84877,68.22971,-0.6703065,31.95845,-0.2871156,-35.45596,0.5899921,500.0,0.04458043,2.1349505373383253,-0.9013562176852636,-1.924350941280394
99,0.05126621,36.23205,1165.69,-16.58011,1218.343,-11.11801,612.5424,-6.353217,500.0,0.01942769,0.956783106235272,1.9889937414944663,1.9030356102695911
100,0.05500177,36.0172,39.61227,-0.3870516,5.740897,0.0128014,-26.1969,0.2544358,500.0,0.05022898,6.900014057036731,-0.21914413537479627,-1.5120976146032548
101,0.1674174,35.88123,307.9158,-6.167908,759.5152,-10.45688,464.8255,-7.261472,500.0,0.02117208,0.405410977950145,1.6339792029482034,0.6624331066174296
102,0.05162126,35.36148,47.59574,-0.5764755,60.39161,-0.4868204,23.44148,-0.2814602,500.0,0.01839022,0.7881184157865637,2.57627120813191,2.0304067831894574
103,0.05843759,38.88598,61.28471,-0.5052013,-29.36623,0.1722461,-27.85265,0.3737068,500.0,0.01782228,-2.0869110539555127,1.0543424054802686,-2.2003188206508177
104,0.1112474,42.54101,379.021,-12.14783,1109.689,-22.56711,585.86,-11.65674,500.0,0.0229581,0.3415560575981198,1.8941197555730038,0.6469480763322295
105,0.1228317,47.7192,2443.264,-20.16541,2732.305,-11.01267,1338.04,-6.273474,500.0,0.02732966,0.8942134937351431,2.0420204179247254,1.826002212190966
106,0.05919914,36.58686,43.83395,-0.8728964,33.56794,-0.394253,46.41902,-0.8239529,500.0,0.03877603,1.305827822618844,0.7231505533723029,0.9443101125357666
107,0.05348812,36.7301,16.42108,-0.4142477,-12.98563,0.1093621,-53.40952,0.5099838,500.0,0.02489367,-1.264557822762546,0.24313324665715028,-0.307456049033955
108,0.3679648,39.5978,1018.167,-9.659874,1955.585,-11.63341,822.406,-4.956044,500.0,0.07418384,0.520645740277206,2.3778827002721283,1.238034498775544
109,0.5215923,38.17165,278.7357,-4.728466,673.3281,-6.979514,302.8383,-3.349067,500.0,0.04497579,0.4139671283583739,2.2233914930839327,0.920410991608393
110,0.05044142,36.63213,5.620809,0.02323344,10.83558,-0.08907314,3.20245,-0.09125423,500.0,0.02209737,0.5187363297580748,3.3835282361941643,1.7551590188761732
111,0.08373255,39.97597,1228.472,-17.36642,1447.242,-10.21055,905.5444,-8.078292,500.0,0.02868657,0.8488366147472226,1.5982010379612528,1.3566115587485275
112,0.0508138,39.80272,-0.9678934,-0.0283503,-1.463877,-0.0538878,-15.98029,0.2241311,500.0,0.04602916,0.6611849219572409,0.09160515860475624,0.06056794964296643
113,0.05100438,40.48362,19.22207,-0.2018518,39.74822,-0.3664747,21.62636,-0.2036292,500.0,0.04467341,0.4835957434068745,1.8379523877342283,0.8888259512927742
114,0.05241203,41.06841,34.32181,-0.4920512,-13.95789,0.1442547,-39.86116,0.5649901,500.0,0.03903234,-2.45895403961487,0.35016266460885737,-0.8610338986622568
115,0.126024,39.02102,2368.631,-43.77444,926.9399,-9.680372,594.1559,-7.281822,500.0,0.04435388,2.555323166043451,1.5600954227669876,3.986547975034835
116,0.05566793,37.32341,27.08191,-0.255399,-27.32379,0.3332666,-37.04006,0.5732407,500.0,0.02901569,-0.9911476409385375,0.7376821203853342,-0.7311518933824622
117,0.1516362,36.18653,409.7254,-7.877422,503.3342,-5.502056,373.9045,-5.00507,500.0,0.03367133,0.8140225718816643,1.3461571069618046,1.0958022703658288
118,0.2399645,41.02163,436.7917,-4.6191,1138.498,-8.113574,633.1625,-4.955066,500.0,0.01753805,0.38365609777092274,1.7981134384932778,0.6898571851617871
119,0.6480619,40.35033,203.2775,-5.020397,766.2408,-11.43559,401.9535,-6.2515,500.0,0.04970725,0.26529192911679983,1.906292145733275,0.5057239208017843
120,0.05552557,38.75946,33.85608,-0.4303996,23.11037,-0.2957833,-0.2995403,0.05153869,500.0,0.04045163,1.4649735162180442,-77.15279045924706,-113.02679472511713
121,0.665539,42.92826,162.6248,-2.784999,593.1847,-7.765718,296.2082,-4.114489,500.0,0.03904426,0.2741554190457036,2.002593783696738,0.5490219379477003
122,0.3885836,50.46992,964.887,-13.14486,1254.715,-9.315866,616.2365,-5.428637,500.0,0.03562643,0.7690088984351028,2.036093285613559,1.5657738546807922
123,0.09159148,40.64852,847.1891,-10.80454,999.2677,-8.021374,570.4431,-4.858561,500.0,0.05900654,0.8478099512272838,1.751739481115645,1.4851421640475626
124,0.1472984,40.82374,550.5377,-10.79614,873.853,-8.637259,514.1096,-6.382996,500.0,0.05242494,0.6300117983230589,1.6997406778632416,1.0708566811434759
125,0.3524207,35.40988,261.3364,-5.315979,824.8037,-11.83803,418.2391,-6.991037,500.0,0.02862927,0.3168467842712151,1.972086540928383,0.6248492787977021
126,0.5624623,36.97692,99.94514,-0.7974991,640.5447,-7.836785,315.0269,-3.558087,500.0,0.06966332,0.15603148382930962,2.033301600593473,0.3172590658131099
127,0.05618459,36.5116,49.15621,-0.4519883,36.65266,-0.3301932,9.635471,-0.1941606,500.0,0.08578774,1.3411362231281443,3.8039302904860586,5.101588702825217
128,0.1415131,45.42774,1692.576,-15.56735,4447.396,-15.2922,1995.165,-8.526052,500.0,0.08946528,0.38057685890799925,2.2290868173810185,0.848338859192097
129,0.06329135,42.93248,7877.747,-106.8469,2802.729,-25.17962,1377.287,-11.45144,500.0,0.02759106,2.8107416022027105,2.03496366407292,5.7197570295806175
130,0.3743551,36.02433,1356.326,-32.20069,877.0047,-11.18361,398.4563,-5.70799,500.0,0.0230818,1.5465435932099338,2.2010059823373354,3.4039517006005426
131,0.265141,37.61324,1067.94,-16.73277,944.1344,-8.781984,515.9789,-5.341496,500.0,0.0144214,1.131131330454647,1.8297926523739636,2.069735797335899
132,0.05280551,37.16121,26.07483,-0.312822,9.104605,-0.1055075,-31.31876,0.5315197,500.0,0.03092029,2.863916666346316,-0.29070771001150747,-0.832562655737328
133,0.05254383,36.23625,29.41502,-0.319819,12.45365,-0.2439774,-13.63574,0.1683552,500.0,0.02156384,2.3619597467409155,-0.91330943535151,-2.157200122618941
134,0.4144244,36.84444,1225.852,-14.85323,819.0699,-7.303505,565.0953,-5.366362,500.0,0.02098736,1.4966390536387677,1.4494367587201664,2.1692836588801927
135,0.05348795,36.37178,876.6531,-9.687435,2276.364,-15.99699,1263.183,-10.11903,500.0,0.01755651,0.38511112458288743,1.8020856835470396,0.6940032441855218
136,0.4980763,37.60687,249.477,-10.94297,557.34,-12.03965,232.5813,-6.070393,500.0,0.01577194,0.44762084185595863,2.396323350157558,1.0726442753566172
137,0.5256413,47.78228,421.6413,-5.08271,717.105,-6.350803,393.4597,-3.576271,500.0,0.02177914,0.5879770744869998,1.8225627681818495,1.0716251245044919
138,0.190513,35.25434,236.8772,-2.173908,367.7924,-4.141082,361.988,-4.438263,500.0,0.02776245,0.6440513724590285,1.0160347856835032,0.6543785981855752
139,0.1337497,41.87433,2310.751,-20.68782,3727.647,-19.79977,1729.409,-9.337962,500.0,0.02868453,0.6198953388021988,2.1554455886375057,1.3361506734381514
140,0.197447,46.57478,96.79306,-0.5780233,773.0198,-3.646176,666.3454,-3.372039,500.0,0.02654593,0.12521420537999156,1.160088746767067,0.14525959059670854
141,0.06568477,35.39371,31.21606,-0.3973758,21.2979,-0.2575647,1.348889,-0.04624651,500.0,0.03171784,1.4656872273792252,15.789216162338041,23.142052459468495
142,0.4374769,35.04813,319.203,-13.72001,253.4313,-6.09305,174.9112,-4.732561,500.0,0.02645691,1.2595247706183095,1.4489140775433476,1.8249431711634243
143,0.6628425,35.60535,186.321,-6.103955,546.873,-14.47545,235.1935,-5.95113,500.0,0.02689442,0.34070250314058287,2.325204565602366,0.7922030158146377
144,0.6521477,40.81689,1091.712,-22.71928,980.4846,-11.87088,487.3529,-6.869648,500.0,0.02455389,1.1134412513975231,2.011857526650606,2.2400851621073765
145,0.05198583,35.36831,40.99868,-0.319189,32.74929,-0.2413831,-11.13483,0.2672602,500.0,0.02963383,1.2518952319271655,-2.9411576108481228,-3.6820211893670582
146,0.05209216,35.79347,26.182,-0.3141567,116.535,-0.9988101,113.1007,-1.372746,500.0,0.03632782,0.22467069978976273,1.0303649756367554,0.2314928201151717
147,0.6268156,40.99605,368.3536,-8.713516,324.1736,-4.908848,235.1172,-3.612614,500.0,0.04278656,1.1362850028503244,1.3787745005469614,1.5666807872839588
148,0.05574698,37.61929,38.95108,-0.5615697,47.10873,-0.4356185,28.25508,-0.3909745,500.0,0.03816396,0.8268335826501796,1.6672658509549434,1.3785513967753762
149,0.06307887,42.46489,40.0092,-0.5836904,39.52322,-0.5260484,25.05414,-0.4725533,500.0,0.04754315,1.0122960629219988,1.5775125388458755,1.5969097322837662
150,0.06470897,43.98753,13.40904,-0.2000113,0.7176209,-0.05649709,8.017146,-0.1820484,500.0,0.04999544,18.685408967325227,0.08951076854531526,1.6725453172488063
151,0.06201788,53.15006,23.36788,-0.458827,21.97251,-0.2483293,33.60537,-0.5086417,468.9312,0.05555102,1.0635052618021337,0.6538392524766131,0.6953614853816518
152,0.1322984,64.02676,445.8352,-8.004777,1274.526,-15.90344,641.8747,-8.113339,500.0,0.0506738,0.34980471171243266,1.9856305288243954,0.6945829147028229
153,0.06347251,44.66609,34.77575,-0.4766747,23.01826,-0.4293922,12.29553,-0.2923657,500.0,0.07197216,1.5107896947901363,1.8720835946071461,2.828324602518151
154,0.09166554,51.56757,3762.322,-34.60942,1084.483,-5.900719,929.4779,-5.006935,500.0,0.03551636,3.4692309607435066,1.1667657724836706,4.047779941836164
155,0.1244479,47.32788,660.315,-8.934897,808.6858,-5.983191,511.2833,-4.543216,500.0,0.06539792,0.8165284959869459,1.5816784940951523,1.291485561918412
156,0.2407427,48.28221,1036.604,-4.510466,1351.735,-4.530081,1134.435,-3.70849,500.0,0.03843554,0.7668692458211115,1.191549097127645,0.9137623574731034
157,0.3636065,37.13354,1581.342,-26.06245,602.8087,-6.038949,377.997,-4.268349,500.0,0.01770588,2.623289942563868,1.5947446672857193,4.183477646647989
158,0.07809116,44.92229,4076.676,-30.26341,5256.383,-22.08883,2686.988,-12.81935,500.0,0.01029091,0.7755667728169732,1.9562361275897027,1.5171917403427184
159,0.204809,40.06262,755.3818,-7.415027,2409.323,-16.9973,1124.563,-8.180568,500.0,0.02150116,0.3135245046015001,2.142452668280923,0.6717114114549384
160,0.2527351,45.6013,1366.708,-8.04793,2892.682,-12.84545,1262.231,-6.00423,500.0,0.04490913,0.4724708765083753,2.2917215628518073,1.0827716955137372
161,0.06183716,36.47599,1773.729,-18.55326,1786.943,-12.15111,941.2366,-6.407396,500.0,0.04036992,0.9926052481808317,1.8985056467204953,1.8844666686357077
162,0.1207952,35.10575,734.7431,-14.3226,1886.237,-27.91396,896.2451,-12.00434,490.5797,0.04288088,0.38952851629991353,2.104599511896913,0.8198015252747268
163,0.1247753,35.67719,5038.458,-60.14673,2117.616,-13.20133,916.8344,-7.497892,500.0,0.02633778,2.379306729832037,2.309703911633333,5.495494060868571
164,0.1444477,35.65812,415.7328,-9.309697,686.9014,-8.880097,364.7195,-5.170429,500.0,0.02831765,0.6052292221270767,1.8833690000123382,1.1398699548557178
165,0.0551085,36.59348,1897.624,-28.38844,1186.639,-9.49496,639.1501,-6.485289,500.0,0.03021897,1.599158632069231,1.8565889295800784,2.9689802129421556
166,0.1277341,42.49612,1036.479,-13.05238,2236.087,-16.60515,1256.739,-8.741285,500.0,0.03951375,0.46352355699934755,1.7792771609697797,0.8247368785404129
167,0.4614837,35.63981,231.4059,-6.52823,462.6565,-10.74795,197.1892,-4.494105,500.0,0.01426796,0.5001678351001229,2.3462567929683775,1.1735221807279506
168,0.07506416,35.90903,4715.926,-77.7935,3829.025,-31.01656,1666.83,-16.06247,500.0,0.01333245,1.2316258055249052,2.2971898753922115,2.8292783307235894
169,0.3722553,37.01973,527.9416,-9.488585,914.0095,-10.00645,455.424,-5.366451,500.0,0.04266924,0.5776106265853911,2.0069418827290613,1.1592309584035976
170,0.4583784,38.87679,325.5394,-5.393373,965.0396,-11.94227,478.3983,-6.25666,500.0,0.05439631,0.33733268562243457,2.0172304123990408,0.6804777525338196
171,0.3715231,74.62867,3777.846,-18.22199,1577.36,-5.188211,1392.991,-4.35497,495.2364,0.02278602,2.3950436171831417,1.1323547675469547,2.712039058400234
172,0.05014781,36.55472,2849.511,-29.28582,3397.969,-22.88305,1610.891,-10.27112,479.2438,0.02880776,0.8385924062285441,2.1093723908073234,1.7689036688391702
173,0.5102516,38.70803,1130.034,-14.26534,566.0748,-4.802947,462.1684,-3.852957,500.0,0.02890031,1.996262684719405,1.2248236789880051,2.4450698057244935
174,0.5228383,35.82532,453.2127,-5.81275,1333.446,-12.69335,487.05,-4.627244,500.0,0.04002199,0.33988080507197144,2.7378010471204184,0.9305260240221742
175,0.06871108,35.91421,4464.063,-43.07536,1617.351,-8.725917,988.4275,-6.243511,500.0,0.02711669,2.7601077317168627,1.636286930503249,4.516328208189271
176,0.2248686,42.46271,524.3704,-4.37827,4215.459,-21.6249,1771.277,-10.53031,500.0,0.02253275,0.12439224293250155,2.379898231614818,0.29604087898166126
177,0.1145197,38.66998,951.3359,-5.843085,2711.675,-12.26691,1324.708,-6.42264,500.0,0.02625755,0.3508296163810191,2.0469982818855175,0.7181476219665013
178,0.6902146,37.46083,110.5689,-2.640736,553.8109,-10.77882,266.6163,-5.308913,500.0,0.04277926,0.19965100000740327,2.077183202977462,0.41471170367303123
179,0.1175316,37.59769,4705.315,-70.34769,1342.066,-9.84405,883.8357,-7.263531,500.0,0.01869195,3.506023548767348,1.518456428044262,5.323743994500335
180,0.06521195,47.39406,4260.281,-29.46022,2226.578,-11.93965,868.7341,-5.039667,500.0,0.0230756,1.913376041620819,2.5630143907094243,4.9040103295127935
181,0.1382551,74.04954,1368.654,-8.00507,5197.323,-24.13497,2322.489,-9.425919,500.0,0.04823577,0.2633382608700671,2.237824592495379,0.5893048363199997
182,0.4358573,41.44227,631.3001,-67.54519,178.4678,-11.22126,103.8488,-7.535292,500.0,0.05334958,3.537333345286937,1.7185350239964257,6.079031245426043
183,0.1038223,35.75325,11.69727,-0.2987444,10.95932,-0.2289201,18.34904,-0.6480563,500.0,0.02405703,1.0673353821222484,0.5972693939301457,0.6374867568003558
184,0.06544808,59.48058,38.87955,-0.3869893,41.07878,-0.4400058,49.43292,-0.7321672,500.0,0.02441461,0.9464631130720046,0.8310004749871138,0.7865112965206182
185,0.0673677,44.69945,14.62204,-0.3302023,4.0751,-0.121332,16.89916,-0.4488752,500.0,0.02306357,3.5881426222669384,0.24114216327912158,0.8652524740874695
186,0.06703619,47.34169,17.03178,-0.3146501,9.687269,-0.2016577,14.84454,-0.4165659,500.0,0.02934572,1.7581611494426346,0.6525812857791484,1.14734306351022
187,0.2942613,40.16784,364.8781,-2.481773,2682.965,-16.98236,1132.911,-6.954131,500.0,0.0362667,0.13599808420907467,2.3682045632887316,0.3220712836224558
188,0.05435418,36.49837,4931.464,-60.10292,2138.112,-15.47931,1174.936,-9.347951,500.0,0.04571947,2.3064572856800765,1.8197689065617193,4.197219252793344
189,0.5993487,55.62587,1007.524,-3.956712,3992.194,-11.40223,1681.008,-5.103444,500.0,0.07477354,0.25237350689871285,2.3748810237666924,0.5993570524352055
190,0.06415562,36.65131,36.15646,-0.4684209,8.779606,-0.1936383,24.90985,-0.5041848,500.0,0.01811635,4.1182326405080145,0.35245519342749954,1.4514924818896944
191,0.2017623,40.05085,61.68134,-0.4542891,539.4926,-3.183425,424.5005,-2.930032,500.0,0.03747286,0.11433213356401922,1.2708880201554533,0.14530333886532526
192,0.3338061,46.19778,198.0197,-2.143351,1226.262,-11.54037,605.3386,-4.94865,500.0,0.02575892,0.16148237489215192,2.02574559097999,0.32712220895875466
193,0.06355042,52.27291,3924.688,-26.14967,3590.22,-11.70968,1967.854,-7.929694,500.0,0.02681515,1.093160864793801,1.824434129767757,1.994399991056247
194,0.06283478,40.78841,10.26478,-0.2918055,-0.3670236,-0.06396752,3.04072,-0.06058547,500.0,0.04306542,-27.9676293295581,-0.12070285984898314,3.3757728432739618
195,0.1179971,50.38049,3841.355,-34.62514,4723.809,-24.48447,2257.625,-13.9918,500.0,0.04918799,0.8131901607368122,2.092379823930015,1.7015026853441115
196,0.0597778,35.22571,56.92393,-0.5336509,35.91306,-0.3591314,32.78834,-0.4813553,500.0,0.01568531,1.585048169106169,1.0952997315509112,1.7361028341172502
197,0.4761917,43.69783,344.8312,-1.375525,2084.148,-10.22045,991.3882,-4.636976,500.0,0.008135256,0.1654542767596159,2.102252175283103,0.3478266132277952
198,0.2161547,37.54329,1615.985,-9.428789,4474.285,-20.94106,1869.44,-8.850812,500.0,0.06868968,0.3611716732394114,2.393382510270455,0.8644219659363231
199,0.6320573,35.83604,798.1677,-18.79718,336.8256,-5.517039,287.7769,-4.745351,500.0,0.04510164,2.3696764735222025,1.1704400179444563,2.7735641741918826
200,0.6017122,36.87822,182.6446,-3.49471,746.1124,-10.08483,309.737,-4.510434,500.0,0.07253804,0.24479502016050128,2.4088578374556477,0.5896764028837368
201,0.5680913,49.76264,86.19328,-5.437768,114.8775,-4.146062,76.17046,-2.836686,497.3358,0.02120407,0.7503060216317382,1.508163400877453,1.131584081282954
202,0.07246289,35.47546,26.44753,-0.4430646,29.21882,-0.5293303,2.604691,-0.1147451,500.0,0.03426394,0.9051539384547357,11.21776824966954,10.15380711186087
203,0.06294216,35.17665,31.14177,-0.4270622,22.63772,-0.3536663,39.83413,-0.8816518,500.0,0.02614157,1.375658414363284,0.5682995963511692,0.7817861215997437
204,0.3592547,55.56921,342.9595,-7.621406,1014.552,-14.65143,467.4595,-7.218732,500.0,0.0332745,0.3380403370157468,2.1703527257441553,0.7336667668535991
205,0.0614777,40.13288,46.82426,-0.6170045,44.56004,-0.5627213,37.82521,-0.5966109,500.0,0.02805919,1.0508127910118572,1.1780513578113645,1.2379114352570681
206,0.4363526,35.01524,413.2165,-10.7366,210.7266,-4.08669,220.0311,-4.055662,500.0,0.06911165,1.9609128605501158,0.9577127960547395,1.8779913384971487
207,0.1058275,39.4706,928.6484,-10.67376,4298.79,-31.98537,1945.137,-14.1751,500.0,0.02938451,0.21602553276619701,2.2100191400400075,0.47742056215063516
208,0.1347965,36.97502,692.6812,-5.466845,892.6796,-4.659881,750.463,-4.198096,500.0,0.01291334,0.7759572415455668,1.1895051454901842,0.9230051314988215
209,0.05247626,38.40175,37.43734,-0.5402035,94.42793,-0.7017177,83.8341,-0.9498432,500.0,0.03350921,0.39646469005515633,1.1263665978402582,0.4465645841012189
210,0.341655,37.18922,853.5807,-15.33186,2016.253,-23.85095,870.472,-10.50847,500.0,0.015595,0.42334999625543024,2.3162755378691102,0.9805952402834325
211,0.07700984,45.00049,1623.558,-8.909379,1357.127,-5.379469,942.168,-4.573113,500.0,0.0183279,1.1963198727900926,1.440429944553413,1.7232149680311792
212,0.6416696,38.38004,1058.913,-17.4747,776.3964,-7.518203,439.5287,-4.692954,500.0,0.01629856,1.3638819036255192,1.7664293594479723,2.409201037383907
213,0.07723631,45.4135,1940.391,-27.65263,2203.247,-17.19365,1166.518,-10.28885,500.0,0.03000705,0.8806960817375448,1.8887381077703043,1.6634042509416915
214,0.2402315,45.88834,2442.218,-20.32894,2368.552,-10.43072,1205.612,-6.267013,500.0,0.02099199,1.0311017026436404,1.9646055281467005,2.0257081050951715
215,0.08162035,40.31264,14.25926,-0.1782407,11.72359,-0.1742419,7.504168,-0.1553128,500.0,0.02570347,1.216287843570101,1.5622771238597004,1.9001786740382145
216,0.05304905,37.67839,23.31484,-0.2942104,22.02636,-0.2344406,-8.243493,0.09309307,500.0,0.02916115,1.0584971824668261,-2.6719692732194953,-2.828271947340769
217,0.05120054,37.92128,38.45893,-0.4019862,43.97346,-0.5443212,23.49476,-0.4305161,500.0,0.03028289,0.8745941301867081,1.871628397140469,1.636915210029811
218,0.05076645,44.89597,48.70022,-0.4394958,50.46987,-0.4699351,52.84549,-0.6982512,500.0,0.02436521,0.9649365056815086,0.9550459272872671,0.9215586798419317
219,0.2055347,37.90739,858.121,-12.90127,1431.322,-10.36662,790.969,-7.349889,500.0,0.01941598,0.5995303642366987,1.8095804007489544,1.084898396776612
220,0.2688824,43.70459,277.1395,-3.645309,1758.446,-17.37642,710.2274,-6.612545,500.0,0.05115553,0.1576047828594111,2.4758915243202386,0.3902123460739476
221,0.6483147,44.086,234.7083,-1.404935,377.1447,-3.366192,376.3291,-3.559815,500.0,0.01989669,0.6223295727077698,1.002167252014261,0.6236783177277548
222,0.07899001,36.3779,-1.139285,0.06005343,-49.34293,0.5871071,-41.7087,0.5331087,500.0,0.01489872,0.02308912340633197,1.1830368724031197,0.027315284341156643
223,0.3342988,49.09047,677.9323,-3.403681,2544.763,-10.1722,1099.083,-4.542727,500.0,0.02276562,0.26640292239395186,2.315351069937393,0.6168162913992847
224,0.362186,36.29767,999.7714,-9.079406,1378.177,-8.303109,784.8537,-5.655378,500.0,0.02741549,0.7254303329688422,1.7559667489622588,1.2738315433819067
225,0.05069571,35.39384,80.50111,-1.001941,77.76763,-0.6958082,68.4782,-0.8889102,500.0,0.02324224,1.03514932884029,1.135655288836447,1.1755728100329739
226,0.3244995,38.28455,224.4704,-5.178799,929.8518,-16.77513,435.0875,-7.722269,500.0,0.02124372,0.24140449047902043,2.137160456230069,0.5159201310081306
227,0.4759276,37.72979,783.5317,-23.27002,292.3211,-5.62268,208.4787,-4.414503,500.0,0.0200961,2.6803802394011242,1.4021629068101442,3.7583297478351505
228,0.05738796,47.04585,103.3955,-0.4979789,-109.8656,0.4285957,-153.2262,0.6840397,500.0,0.01337368,-0.9411089549413101,0.717015758401631,-0.6747899510658099
229,0.05059979,42.86589,48.49316,-0.6711056,71.2141,-0.7466235,47.00879,-0.7940503,500.0,0.0461428,0.6809488570381428,1.5149102965636854,1.0315764349603553
230,0.060387,45.90843,1438.772,-30.07759,1887.681,-21.58853,871.7148,-12.26865,500.0,0.03116452,0.7621902217588671,2.165480040031442,1.6505077119259648
231,0.5112072,76.94443,529.0925,-4.118898,2766.907,-16.15146,1190.82,-7.465265,500.0,0.03008878,0.1912216420718152,2.3235308442921685,0.4443093834500596
232,0.2967729,40.6056,440.1302,-4.268719,2577.094,-16.616,1179.156,-8.15502,500.0,0.04973055,0.1707854661102777,2.1855411836941,0.3732586697604049
233,0.3949879,41.88158,3202.816,-42.69968,760.4915,-6.657425,490.1138,-4.901078,500.0,0.0230568,4.211507952422874,1.5516631035486044,6.534841500076104
234,0.322985,35.31028,659.5978,-9.350973,992.5004,-8.98836,536.9249,-5.792024,500.0,0.03971768,0.6645818984052803,1.8484901705992776,1.2284731067603682
235,0.4473778,42.56288,821.5318,-12.61573,1699.505,-13.29521,782.9147,-7.130598,500.0,0.02485514,0.48339475317813124,2.170740950450924,1.0493247859568864
236,0.2308216,35.2642,316.5716,-3.733603,969.6373,-7.999559,509.3384,-4.961278,500.0,0.04131947,0.32648455252288666,1.9037192169292558,0.6215349166683682
237,0.5659922,35.09197,506.2195,-18.0927,422.1902,-7.778267,262.1238,-5.949778,500.0,0.04197626,1.1990318581530315,1.610651913332555,1.9312229564808687
238,0.5038974,43.7641,396.5981,-4.853693,1402.407,-12.14369,698.3621,-6.43252,500.0,0.05240672,0.2827981463298458,2.008137325894403,0.5678975133387106
239,0.07390932,40.39329,12.38525,-0.3228464,13.68435,-0.3610589,6.766839,-0.1523067,500.0,0.03424846,0.9050667368197978,2.0222662309536257,1.8302858986300692
240,0.3255792,42.40945,349.9211,-5.976952,797.6859,-10.47909,405.7315,-5.534883,500.0,0.03087739,0.4386702836291829,1.966043799902152,0.8624449913304736
241,0.3858436,43.79339,250.9195,-6.982044,678.8031,-12.96311,285.0184,-5.601283,500.0,0.02635309,0.36964990289525784,2.38161150297665,0.8803624608095478
242,0.5997332,41.86623,1176.837,-14.92682,2676.499,-19.9844,1173.165,-9.561625,500.0,0.03940573,0.4396926731525026,2.281434410334437,1.0031299945020522
243,0.6650785,35.88644,291.8896,-7.739265,451.6074,-7.699416,203.1778,-4.151537,500.0,0.03599897,0.6463348474803556,2.2227201987618725,1.4366215206582609
244,0.3428728,44.35062,2798.109,-29.56216,1565.865,-9.174288,892.3428,-5.938221,500.0,0.01833238,1.786941402994511,1.754779665393165,3.1356884372239007
245,0.306345,38.77103,435.3339,-7.109898,1376.705,-19.8762,622.4163,-7.382302,500.0,0.02514702,0.31621436691230154,2.2118717006607955,0.6994256095156892
246,0.2688896,42.51795,1467.694,-18.77042,1217.897,-9.82467,622.2569,-5.581181,500.0,0.02380977,1.2051051936247483,1.9572253839210139,2.3586624752574057
247,0.07212282,35.51295,59.9053,-0.5028847,69.04453,-0.5103016,38.6208,-0.4877534,500.0,0.02401691,0.8676328160970899,1.78775504391416,1.5511149432430191
248,0.5924422,37.64338,2372.594,-34.66352,639.2422,-6.296787,392.1492,-4.433008,446.9662,0.01636699,3.7115728592386423,1.6300994621434903,6.050232921551287
249,0.08168268,39.11105,458.6283,-5.48113,1508.802,-12.61329,708.8468,-6.33282,500.0,0.01165435,0.3039685127670828,2.128530452560412,0.6470062360442341
250,0.05135725,35.18037,70.35035,-0.4105095,4.462546,-0.03394263,-5.007751,0.08897451,500.0,0.02054169,15.764621810060897,-0.8911277737251712,-14.048292337218845
251,0.05398783,36.27182,22.09426,-0.2331591,-13.36018,0.1802645,-20.3362,0.3963563,500.0,0.02931957,-1.653739695123868,0.6569654114337978,-1.0864497792114554
252,0.05376557,41.68623,31.03049,-0.3598774,8.342918,-0.0457054,-14.89767,0.2172978,500.0,0.03504299,3.7193809168446825,-0.560014955358791,-2.0829089381091137
253,0.05455149,35.15771,17.72957,-0.2887175,35.12908,-0.566705,11.79635,-0.266881,500.0,0.02437059,0.5046978173069149,2.977961827175355,1.5029708341987138
254,0.1829528,44.86892,2392.272,-11.67533,1984.522,-7.393268,1265.194,-5.250288,500.0,0.01161656,1.205465094365293,1.5685515422931187,1.8908341329472003
255,0.4459953,50.57874,186.9031,-1.173697,1222.596,-9.794794,689.4226,-4.908947,500.0,0.01582363,0.15287396654332255,1.7733622309451416,0.27110091836269945
256,0.09495958,35.71018,379.3304,-11.15764,468.8044,-9.700706,283.5496,-5.631829,466.5177,0.03617373,0.809144282775503,1.6533417786517772,1.3377920476699667
257,0.07044509,39.41413,53.62342,-0.482601,-20.49752,0.2078495,-102.1519,0.9065353,500.0,0.02167209,-2.616093068820033,0.2006572564974318,-0.5249380579313748
258,0.2251655,36.77055,391.3485,-8.035759,1074.858,-12.56096,519.9,-6.907714,500.0,0.009952372,0.3640932104519853,2.0674321984997115,0.7527380265435661
259,0.09967799,39.37139,14873.48,-189.9055,4169.275,-27.72459,2296.28,-18.0158,500.0,0.01186498,3.567402006344029,1.815664901492849,6.477206612434023
260,0.05376228,35.72892,12.55165,-0.1613349,21.13997,-0.2838545,16.40985,-0.3272199,500.0,0.02082672,0.5937401992528845,1.2882488261623357,0.7648851147329196
261,0.05026412,39.49229,2367.825,-29.31319,3685.079,-28.08086,1811.943,-13.53556,500.0,0.06889841,0.6425438911893069,2.033772033667726,1.3067877963048506
262,0.2858998,39.5695,2211.76,-18.62582,2536.629,-11.2408,1216.535,-6.669644,500.0,0.01648002,0.8719288473008865,2.0851261985886143,1.8180816828122497
263,0.1807287,36.42577,0.7705069,-0.08545488,289.9603,-2.628795,245.5759,-1.994145,500.0,0.02854004,0.0026572841178602725,1.1807359761279508,0.0031375509567510493
264,0.3228939,45.39198,565.1605,-2.457274,3176.712,-10.66139,1545.053,-5.450291,500.0,0.0104667,0.1779073771874819,2.056053740551295,0.3657871283379922
265,0.05337936,41.62952,28.53689,-0.5343207,53.13551,-0.379366,14.94958,-0.2317661,500.0,0.02275189,0.5370587390616934,3.5543145693725173,1.9088757008558102
266,0.3683242,36.66331,403.4208,-5.010522,1482.056,-12.25224,756.7961,-7.427137,500.0,0.03458149,0.2722034794906535,1.9583293307140457,0.5330640578089659
267,0.4083879,45.40512,1090.307,-17.2566,545.8138,-5.735824,403.9331,-4.504544,500.0,0.03638606,1.9975804935675865,1.3512480160699878,2.699226678873308
268,0.1395377,43.6045,568.3103,-7.226767,3421.211,-30.15136,1400.953,-12.24471,500.0,0.03154486,0.1661137825173601,2.442059797866167,0.4056597901571288
269,0.06449452,50.02684,3867.807,-21.08663,6220.282,-21.8575,2802.708,-8.845398,442.2415,0.02924547,0.6218057316372473,2.2193828254673695,1.3800249615728788
270,0.1331618,44.56332,9180.033,-51.75267,4795.136,-20.45918,2261.436,-11.46482,500.0,0.04058812,1.9144468478057763,2.1203942981362287,4.059382180172244
271,0.06849016,35.35749,24.44884,-0.4134346,-11.65996,0.1727219,-8.298667,0.155551,500.0,0.0137136,-2.096820229228917,1.4050401106587358,-2.9461165269072733
272,0.2755408,37.66719,875.6961,-15.47044,1777.994,-26.61959,783.0153,-11.06669,500.0,0.01909766,0.49251915360794246,2.270701479268668,1.1183639706657074
273,0.1918546,43.57358,330.3398,-3.613181,767.5447,-6.32075,494.2873,-4.444671,500.0,0.03961959,0.43038509678980263,1.5528311166400595,0.6683153704333492
274,0.1188412,41.91333,1147.539,-6.33947,5024.298,-21.31766,2172.032,-9.054416,500.0,0.04138075,0.2283978776736571,2.3131786272025456,0.528325089133125
275,0.1269882,37.49222,752.4831,-6.423095,942.4144,-5.208287,564.974,-3.904174,500.0,0.01675888,0.7984630752671013,1.6680668490939405,1.3318897860786514
276,0.0572172,37.65995,11.06479,-0.1774964,52.07384,-0.387391,42.65931,-0.4689156,500.0,0.02682822,0.2124826976462654,1.2206910988480593,0.2593757376760196
277,0.4357807,45.68666,218.5318,-1.031161,1594.27,-7.702749,915.0729,-4.473703,500.0,0.05071359,0.13707326864332892,1.7422327773011308,0.23881354152221096
278,0.05204447,42.91232,98.84383,-0.7379942,-56.45498,0.2555715,-127.4218,0.8115009,500.0,0.04173993,-1.7508434154081711,0.443055897813404,-0.7757215013443539
279,0.3557244,39.66674,227.7173,-3.656336,900.2259,-9.797135,508.9882,-5.78607,500.0,0.04568139,0.2529557303339084,1.7686577016913163,0.4473921006420188
280,0.3813043,38.21982,226.4343,-7.128324,455.8603,-9.231826,220.0424,-4.87251,500.0,0.03792301,0.4967186219111425,2.0716930009852645,1.02904849247236
281,0.6314298,42.62277,936.5092,-22.67923,753.2421,-11.55814,424.3991,-6.016868,500.0,0.0367436,1.2433043771716954,1.774843773231376,2.2066710320544978
282,0.05681,35.00145,41.88915,-0.4775007,51.77808,-0.6261827,46.78863,-0.8967955,500.0,0.02510186,0.8090131963178241,1.1066380870737187,0.8952848159905517
283,0.460881,44.60059,4071.161,-29.04242,1378.274,-5.898989,1026.574,-4.851277,500.0,0.06995784,2.953811070948157,1.342595857678063,3.965774508218599
284,0.6309952,36.86317,472.7802,-11.43952,717.3774,-9.282141,347.0113,-4.864211,500.0,0.04585969,0.6590397188425506,2.0673027074334467,1.3624345950693824
285,0.05015523,39.4217,41.10273,-0.4920362,86.44918,-0.8075885,37.38781,-0.5495617,500.0,0.04733186,0.47545540628609784,2.3122290393580154,1.0993617973344787
286,0.1490557,36.40572,545.1528,-10.0706,1958.264,-20.19644,942.7999,-11.76659,500.0,0.04924946,0.27838575391264914,2.0770727701604548,0.5782274690525528
287,0.05224967,37.26434,52.88428,-0.4475668,38.21439,-0.4170801,3.257305,-0.1243994,500.0,0.05689964,1.3838839243541503,11.731904135473957,16.235593535146386
288,0.05387033,40.33707,54.12582,-0.3721606,49.93454,-0.3709791,31.09171,-0.3399729,498.1586,0.02537296,1.0839354883413364,1.6060403239320062,1.7408441028171175
289,0.06738997,46.68539,13407.49,-116.6997,4510.373,-27.85945,2181.303,-13.60655,500.0,0.02857031,2.9725900718188942,2.067742537373304,6.146550937673492
290,0.6112553,39.59856,210.5705,-5.427294,583.843,-8.932596,335.2483,-5.323401,500.0,0.1059498,0.3606628836861965,1.741524118093962,0.6281031104408286
291,0.1846759,48.04957,1473.042,-18.86394,3112.576,-20.72246,1306.929,-9.828963,500.0,0.1184658,0.4732549502405724,2.381595327672735,1.1271017782909398
292,0.05488811,35.89247,35.20956,-0.3316639,36.97847,-0.4625452,2.475616,-0.1514748,500.0,0.03704821,0.9521637861166241,14.937078286777917,14.222545015058879
293,0.4236842,40.15984,472.5421,-5.247416,1365.047,-12.31159,651.0966,-6.031228,500.0,0.02947504,0.34617276914274747,2.096535291383798,0.7257634274238263
294,0.2009477,42.91209,814.9982,-9.525914,3135.877,-21.42677,1397.776,-10.91753,500.0,0.03650901,0.25989482368090333,2.2434760648344225,0.5830678163024691
295,0.06224259,37.91283,41.29363,-0.4425872,18.03467,-0.1961063,35.02753,-0.5457641,500.0,0.01479737,2.2896803767410217,0.5148713026582233,1.1788907182436215
296,0.06196309,44.36957,6.801384,-0.2921901,15.88499,-0.1329573,21.52706,-0.3414301,500.0,0.01415497,0.4281641977741251,0.7379080097328665,0.3159457910183741
297,0.1617697,37.06616,455.3734,-10.90679,1354.625,-16.94715,598.671,-9.277284,500.0,0.03441319,0.33616196364307466,2.2627202587063677,0.7606404853416985
298,0.5607508,39.19305,291.8894,-8.39417,625.2177,-12.8672,331.0123,-6.966084,500.0,0.01193781,0.46686042317739884,1.888805038362623,0.8818083195095773
299,0.1601164,44.49894,565.23,-7.878808,3359.375,-25.75145,1305.886,-10.41472,500.0,0.01523244,0.16825451162790697,2.5724871849457,0.43283257497208794
300,0.1534853,38.64934,11341.38,-102.8908,5517.438,-27.59008,2560.953,-14.45629,500.0,0.05673105,2.055551870270223,2.154447192119496,4.428577955159661
301,0.06029896,52.31209,70.97681,-0.5593067,-51.42307,0.3614495,-57.75102,0.5167919,500.0,0.01049321,-1.3802522875433145,0.890427043539664,-1.2290139637360518
302,0.06062174,35.50044,24.75229,-0.3893389,6.356665,-0.1523006,43.33659,-0.9184699,500.0,0.03155204,3.893911351313936,0.14668124557100592,0.5711637671538069
303,0.0677386,36.5956,11.53576,-0.1095693,-3.14879,-0.09899226,4.504417,-0.1521296,500.0,0.02641489,-3.663553301426897,-0.6990449596473861,2.5609884697620133
304,0.09478367,37.22327,706.7639,-8.53159,1421.419,-11.29103,726.966,-5.809944,500.0,0.03967275,0.49722418231358945,1.9552757625528567,0.9722103922329243
305,0.06382009,36.7074,25.94437,-0.3996667,-12.60678,0.09813543,-12.57114,0.2226655,500.0,0.03211977,-2.0579696004848183,1.0028350650776303,-2.0638040782299774
306,0.4868797,66.38396,467.6919,-8.197352,868.783,-7.499691,504.7486,-4.957616,500.0,0.04178585,0.5383299396972546,1.72121923666554,0.9265838478799148
307,0.09277964,35.38494,13.12464,-0.1981344,-29.44022,0.2257695,-62.15277,0.6636882,500.0,0.07677553,-0.44580645117461754,0.47367510732023693,-0.21116741860419094
308,0.5864882,40.02964,287.7785,-5.608263,420.0517,-4.996523,271.1191,-3.640395,500.0,0.01794488,0.6851025718976974,1.5493253702892935,1.0614467958915472
309,0.5858535,38.39255,1179.341,-36.93035,371.3216,-7.20357,255.8495,-5.486598,500.0,0.01706536,3.1760635524569536,1.451328222255662,4.609510669358353
310,0.3419518,37.34633,638.3578,-12.1855,687.1569,-7.843105,385.7495,-5.114845,500.0,0.02139797,0.9289840500764819,1.781355257751468,1.654850621970994
311,0.08044197,35.819,534.6088,-8.234655,2319.595,-25.66527,1068.148,-12.44667,500.0,0.02060772,0.2304750613792494,2.171604496755131,0.5005006796810929
312,0.3068048,35.06949,4727.169,-80.40247,1575.622,-16.62766,762.5608,-10.76387,500.0,0.06355516,3.000192305007165,2.066224752177138,6.199071601897186
313,0.06603646,41.39798,22.18777,-0.2714713,-13.20331,0.02695395,4.881132,-0.1175563,500.0,0.04450176,-1.6804702760141208,-2.7049688473903184,4.545619745583607
314,0.6610256,35.47275,240.1378,-6.90688,473.0598,-10.2274,181.4447,-4.410185,500.0,0.04599903,0.5076267313350236,2.6071844479337227,1.3234765192921039
315,0.05542276,35.31345,53.83129,-0.6963661,41.31384,-0.4717567,-6.257751,0.1186674,500.0,0.01054991,1.302984423621721,-6.602026830406004,-8.602338124351705
316,0.07323702,37.1472,65.52161,-0.90818,61.31808,-0.5953308,44.06738,-0.5930035,500.0,0.01829139,1.0685528640166162,1.391461893128205,1.4868505910721264
317,0.1426254,40.71203,4286.996,-49.94422,3572.795,-24.84218,1423.135,-10.95394,500.0,0.02418874,1.1998997983371562,2.5105102467439844,3.012360738791471
318,0.05897063,45.00253,886.6225,-11.5472,2150.045,-18.73977,1126.438,-8.708666,500.0,0.02191551,0.4123739270573406,1.9087113538428213,0.7871027966030975
319,0.05300264,35.85763,48.53039,-0.5679414,-11.13084,0.03064221,-45.87267,0.5381837,500.0,0.02712379,-4.359993495549303,0.24264643850030965,-1.057936893579554
320,0.552017,42.94479,359.146,-2.357616,1450.117,-9.709053,733.9569,-4.70366,500.0,0.02188222,0.24766691239396546,1.975752254662365,0.4893284605676437
321,0.1774282,40.59752,1437.593,-12.72672,1343.096,-6.451722,780.7585,-4.241206,500.0,0.03172235,1.070357591713474,1.7202451206102782,1.8412774244532721
322,0.3589468,58.62609,3821.99,-28.77856,1942.12,-7.749121,1239.287,-5.250504,500.0,0.05822459,1.9679473976891233,1.5671269044216551,3.0840233134052077
323,0.07311015,36.44063,22.04308,-0.3224268,-2.944934,0.03213946,4.335423,-0.1079272,500.0,0.04463285,-7.485084555375435,-0.6792725877036682,5.084412755110632
324,0.06078022,38.1157,41.1304,-0.5217549,22.32348,-0.2951777,13.87846,-0.1653867,500.0,0.04847138,1.842472589399144,1.6084983492404776,2.9636141185693514
325,0.502505,37.19617,232.9132,-14.9887,574.8325,-20.61713,236.7077,-8.898745,500.0,0.05165878,0.40518446677945313,2.4284486731948305,0.9839696807497179
326,0.08289477,39.20909,61.13594,-0.8675305,30.93255,-0.3888011,16.63278,-0.2501303,500.0,0.05492552,1.976427420306441,1.859734211599023,3.6756296902862897
327,0.06457099,35.39795,34.32958,-0.4311934,33.4879,-0.3034805,26.17934,-0.3593327,500.0,0.02098229,1.0251338543175295,1.2791728133711546,1.3113233565093696
328,0.06444719,37.45713,6.192478,-0.1512506,-28.87488,0.2759378,-17.38503,0.1918372,500.0,0.02392569,-0.21445900381231023,1.6609048129338861,-0.3561959916088727
329,0.08424754,37.02034,618.4948,-5.603537,498.1334,-3.723757,395.2115,-3.298883,500.0,0.03708306,1.241624833829653,1.2604223308279239,1.5649716670694047
330,0.5487866,36.08616,392.5718,-5.220839,1572.156,-15.77385,729.5707,-7.844442,500.0,0.01438104,0.24970282847249256,2.1549056177831702,0.5380860278517215
331,0.3889111,43.4036,1451.201,-28.25294,859.3149,-7.690618,429.463,-4.672203,500.0,0.01755913,1.6887883591917237,2.000905549488547,3.379105999818378
332,0.4557629,41.83422,328.9943,-11.59435,509.9599,-11.65119,204.3893,-4.860476,500.0,0.05542863,0.6451375882691953,2.4950420594424463,1.609645416858906
333,0.1568366,46.05091,1016.134,-8.337545,1328.481,-6.315646,1036.297,-5.942286,500.0,0.04993869,0.7648841044772188,1.2819500587186878,0.9805432226475614
334,0.6178152,35.74056,338.6034,-3.769801,1107.735,-11.55042,425.5229,-4.387736,500.0,0.02891884,0.30567184389768315,2.6032323994783826,0.7957348476427474
335,0.05249519,40.5209,31.65389,-0.3238315,31.11092,-0.3260559,30.22437,-0.4139463,500.0,0.05156822,1.0174527143523882,1.0293322904662694,1.0472969329054667
336,0.3697132,37.56307,968.1372,-10.08176,748.54,-6.68421,539.6217,-5.460541,500.0,0.01785642,1.293367355117963,1.3871569657039364,1.7941035358659594
337,0.6712834,41.68982,156.4823,-1.964689,506.8833,-8.627283,184.014,-2.441034,500.0,0.01946718,0.308714648914257,2.7545909550360297,0.8503825795863358
338,0.4343848,37.57466,826.9564,-15.18375,1279.667,-15.685,557.6337,-6.921477,500.0,0.03020268,0.6462278077030978,2.2948164718165347,1.482974217662957
339,0.09574385,37.91319,307.2195,-2.952414,640.7239,-4.365608,638.0308,-5.091088,500.0,0.0190759,0.4794881227311795,1.0042209561043134,0.4815120210497675
340,0.136087,44.46289,724.6421,-5.677571,4356.603,-24.24099,1787.17,-10.53013,500.0,0.04312729,0.1663319104357225,2.4377104584342844,0.40546903764051545
341,0.08929483,40.09012,5258.064,-12.94457,9483.637,-21.56355,4790.24,-9.204815,500.0,0.4328821,0.5544353922445576,1.9797832676442102,1.0976619125555296
342,0.2596902,38.24436,2002.034,-46.16981,923.6492,-10.69686,503.8788,-6.676981,500.0,0.03197987,2.1675263725665546,1.833078113228816,3.973245153398
343,0.2201104,36.86004,347.4914,-8.868632,832.4188,-13.21841,395.5272,-7.198588,500.0,0.06144398,0.4174478039179317,2.1045804182367234,0.8785524737616023
344,0.05767728,40.73911,81.40005,-1.167375,7.54583,-0.239673,-0.6218255,-0.03024171,500.0,0.01048433,10.787421662030551,-12.134963908684991,-130.90497253650742
345,0.6443822,39.60843,274.6705,-6.148382,365.2125,-4.999068,265.5742,-3.96973,500.0,0.02137231,0.7520840606496219,1.3751806463127818,1.0342514446056883
346,0.1756542,44.55704,981.0342,-12.819,1434.56,-9.266861,820.0704,-6.360239,500.0,0.02661542,0.6838572105732769,1.7493132296934508,1.1962804656770931
347,0.121609,38.94599,362.11,-5.269978,982.1518,-8.866331,581.3185,-6.249581,500.0,0.03196147,0.3686904610875834,1.6895244173374837,0.6229115364468876
348,0.2848447,40.27559,1063.173,-7.651133,3167.782,-16.67516,1516.804,-8.640867,500.0,0.01505516,0.3356206329854769,2.0884583637701377,0.7009297180123469
349,0.5083145,41.74193,806.2338,-4.63887,2134.027,-10.54055,808.8143,-4.718386,500.0,0.02323727,0.3777992499626293,2.6384634890851957,0.9968095272301689
350,0.35581,44.50867,725.7533,-12.50966,559.7369,-6.133187,368.1257,-4.13609,500.0,0.04131987,1.2965972048653573,1.5205048166971227,1.9714822953138018
351,0.08366632,36.12564,2427.053,-20.2813,3610.479,-28.1305,1385.311,-9.958217,470.5297,0.03013047,0.6722246549557552,2.606258811198352,1.7519914300832087
352,0.6488891,39.65045,102.3521,-1.719169,629.025,-10.19955,253.3916,-3.908735,500.0,0.02576242,0.1627154723580144,2.482422463885938,0.40392854380334625
353,0.210923,36.55812,601.5096,-8.57042,1450.228,-15.90424,639.4663,-6.688317,500.0,0.04759682,0.41476898804877577,2.267872443004424,0.9406431582086499
354,0.1922005,46.32341,358.4321,-7.92115,637.2264,-8.170201,396.4062,-6.227839,500.0,0.02727352,0.5624878379175753,1.6075086615698746,0.904204071480214
355,0.1193964,36.04757,21.92627,-0.2020201,-37.9002,0.3667999,-50.9744,0.6977898,500.0,0.01824474,-0.5785264985409048,0.7435143915377129,-0.43014277755108443
356,0.4951543,38.43355,288.1496,-7.525829,282.177,-4.666655,223.8681,-3.861493,500.0,0.02124032,1.0211661474889875,1.2604609589307276,1.2871400614915658
357,0.1743191,42.52341,2595.664,-26.08261,3329.567,-17.07933,1574.868,-9.529902,500.0,0.04324507,0.7795800474956655,2.114187982738871,1.648178767998334
358,0.4894076,36.69233,-288.4751,5.253196,198.6365,-3.332978,289.3975,-3.496833,492.5484,0.1353292,-1.4522763943182646,0.686379460776268,-0.9968126884302733
359,0.05961546,39.52418,45.55731,-0.5716336,-8.571859,0.09768111,-9.778051,0.1864542,500.0,0.01073064,-5.314752610839726,0.8766429015352856,-4.659140149708771
360,0.05236428,35.83924,62.08293,-0.7603217,38.47177,-0.4229005,-29.10479,0.5589757,500.0,0.02906475,1.6137268963710274,-1.321836371263974,-2.133082904910154
361,0.2344913,53.73553,913.5361,-9.746435,2229.068,-17.4852,1087.688,-8.866838,500.0,0.02005281,0.4098287266247597,2.0493634203926128,0.8398880009708666
362,0.0575438,41.09565,33.25818,-0.5384938,22.86394,-0.4046791,28.76628,-0.523927,500.0,0.02428407,1.4546128095157704,0.7948174042663841,1.1561515774719568
363,0.05744962,40.53893,16.41445,-0.3455865,21.93393,-0.4409039,19.49812,-0.6561462,500.0,0.02300085,0.7483588212417929,1.1249253774210026,0.8418478294317605
364,0.09423124,37.39285,11.90698,-0.3280294,-24.11391,0.4325493,-21.50467,0.4431893,500.0,0.01680284,-0.49378056068053666,1.1213336452035767,-0.5536927560385722
365,0.08449645,35.03407,12.53182,-0.2780029,-12.77752,0.1911075,-53.43747,0.6640933,500.0,0.03677392,-0.980770916421966,0.23911161961821922,-0.23451372230010142
366,0.1103326,42.97108,5745.547,-46.01173,7375.022,-31.24908,3320.828,-14.50542,500.0,0.0337978,0.7790548963786141,2.220838296954856,1.7301549493078232
367,0.4596158,43.37709,291.4393,-5.339395,1133.808,-14.90093,465.4471,-6.290664,500.0,0.02485074,0.2570446671746892,2.4359545907580045,0.6261491370340475
368,0.2306872,35.42596,453.1424,-15.62968,1004.002,-16.43305,482.856,-8.139177,500.0,0.02773762,0.4513361527168273,2.079299004257998,0.9384628129297348
369,0.651202,39.17886,2960.45,-36.89344,1630.867,-11.66377,859.9171,-7.45276,500.0,0.0294602,1.8152614529572306,1.8965397943592468,3.442715582699774
370,0.129768,37.70703,4178.405,-51.05418,1777.444,-14.6751,873.4644,-8.164412,500.0,0.02729913,2.350794174106188,2.034935825661584,4.7837152836452175
371,0.06378573,35.4775,40.79314,-0.427323,38.14082,-0.3704851,50.4146,-0.7074643,500.0,0.02349023,1.0695401934200681,0.7565431442478964,0.8091533008295216
372,0.2217153,38.46569,543.2698,-13.80028,1593.179,-24.37148,746.7751,-11.83868,500.0,0.02738428,0.3409973392820267,2.133412054044116,0.727487834021247
373,0.6399,44.88055,192.0624,-2.473344,935.2237,-10.61804,455.6718,-5.097364,500.0,0.02451283,0.20536519765271133,2.0524063591383097,0.42149283760812056
374,0.05046839,37.95206,27.20902,-0.3207664,35.00586,-0.3363576,38.85051,-0.4104898,500.0,0.01076256,0.777270434150168,0.901039909128606,0.7003516813550195
375,0.05502596,39.15284,1215.503,-12.19428,3987.076,-23.61081,1858.835,-11.26149,500.0,0.01521724,0.3048607550997272,2.1449327132316744,0.653905806593915
376,0.06127008,38.71922,35.63554,-0.3517728,-38.22802,0.3461278,-50.16036,0.5707234,500.0,0.01204395,-0.9321837751471302,0.7621161411122249,-0.7104323015225569
377,0.4389866,35.10212,386.1707,-7.081067,1027.594,-17.74196,450.6133,-8.417259,500.0,0.02399247,0.37580085130898,2.2804342437296015,0.8569891301477343
378,0.374943,36.95605,63.60662,-1.302443,435.5359,-5.250967,295.1093,-3.374306,500.0,0.02854615,0.1460421976695836,1.4758460678806125,0.21553580317529808
379,0.1863378,36.23889,615.4768,-9.067629,1308.8,-11.47021,680.9434,-7.356067,500.0,0.01489416,0.470260391198044,1.9220393354278784,0.9038589697763427
380,0.264278,46.00161,3964.664,-23.6386,2333.71,-7.715301,1383.448,-5.343834,500.0,0.04254047,1.6988674685372218,1.6868794490288033,2.865784619299027
381,0.05026987,35.75801,483.6237,-8.708104,1813.709,-28.28315,811.8341,-12.07912,477.6049,0.02607697,0.266649004884466,2.234088220733768,0.5957174008827665
382,0.05100756,36.44234,71.42719,-0.5637609,76.85601,-0.5936761,57.85275,-0.7813002,500.0,0.02598047,0.9293637543765282,1.3284763472782193,1.2346377657069023
383,0.05126882,35.96066,5.747831,-0.2243974,9.382901,-0.06104484,-5.962749,0.04171914,500.0,0.02110549,0.6125857024389365,-1.5735864447757235,-0.9639565576213254
384,0.1717544,45.54197,737.1542,-5.34174,835.9516,-3.91738,856.78,-4.44549,500.0,0.04689745,0.8818144495446865,0.9756899087280282,0.8603774597913116
385,0.0666587,40.00223,35.26849,-0.2858871,12.96903,-0.1499407,12.3488,-0.1302534,500.0,0.01276868,2.7194393104187435,1.0502259328841668,2.8560256867064004
386,0.0664644,36.46403,21.47229,-0.4093852,20.85965,-0.3571355,18.05859,-0.3068936,500.0,0.01282344,1.0293696202956426,1.1551095628174735,1.1890346920772885
387,0.4271503,37.55112,709.0454,-8.295594,2298.788,-19.17619,998.02,-8.716237,500.0,0.03264315,0.30844314482240204,2.3033486302879704,0.7104520951483938
388,0.4975437,42.6002,599.5065,-7.904873,651.824,-6.771779,494.7891,-5.055132,500.0,0.02385371,0.9197367694346941,1.3173774442484685,1.2116404746992202
389,0.1341881,43.63135,881.886,-13.83867,1311.827,-13.2989,560.2008,-5.077151,500.0,0.03179598,0.6722578510733503,2.3417085445076125,1.5742319539707905
390,0.449279,36.00225,103.1198,-10.27662,173.3797,-8.402205,66.0321,-3.377012,500.0,0.007120453,0.5947628240214973,2.6256881122968982,1.5616616766693774
391,0.6382288,39.36744,482.1873,-5.36453,1207.986,-11.80324,628.3163,-6.252967,500.0,0.08128922,0.39916629828491385,1.9225762565765048,0.7674276475081102
392,0.08017637,47.70217,1637.148,-12.30785,2925.605,-12.63087,1454.904,-6.59675,500.0,0.06504875,0.5595929730773634,2.010857761061898,1.1252618729483181
393,0.6129866,37.62523,801.2283,-20.32392,1085.186,-18.62269,410.5602,-8.137625,500.0,0.008255119,0.7383326913542932,2.6431836305613645,1.951548883695984
394,0.05186382,37.69472,21.98962,-0.3249097,46.99559,-0.4456516,57.77541,-0.8100427,500.0,0.01367551,0.4679081590421569,0.8134185460561855,0.3806051744158977
395,0.0520518,38.44866,44.80594,-0.3141151,75.40821,-0.6175584,46.94862,-0.4850005,500.0,0.02022265,0.5941785383846135,1.6061858687220198,0.9543611718512707
396,0.3851442,35.10143,233.0417,-4.895739,618.8804,-11.4942,338.5204,-6.510195,500.0,0.01254005,0.3765536927651934,1.8281923334605537,0.6884125742495874
397,0.08180236,39.3395,486.0229,-9.703642,2499.298,-37.89765,1084.91,-15.68913,500.0,0.03082279,0.19446376542533145,2.3036915504511892,0.44798453327925813
398,0.4930311,35.83502,749.1631,-22.51639,937.1426,-14.06366,380.9955,-6.25501,500.0,0.02225282,0.7994120638630663,2.4597209153388953,1.9663305734582166
399,0.4338264,43.67911,243.7922,-2.156862,1557.825,-9.889492,813.9636,-6.082488,500.0,0.02289122,0.15649524176335597,1.9138755099122369,0.29951241062868167
400,0.0581607,37.45279,44.25491,-0.5290315,33.89186,-0.4854688,42.19018,-0.6464881,500.0,0.01662156,1.3057681106908856,0.8033115762957163,1.0489386392757747
401,0.1266571,45.1524,2219.116,-16.84348,2140.768,-8.841555,1161.785,-5.784413,500.0,0.05069542,1.0365980806887996,1.8426541916103236,1.910091798396433
